insert into Founder(NAME, LAST_NAME, SECOND_LAST_NAME, SUMMARY, EMAIL, PASSWORD) values ('SEBAS','CUATEPOTZO','MARTINEZ','ASDFADF','SSTSCTM@GMAIL.COM','ADFADF');
insert into Founder(NAME, LAST_NAME, SECOND_LAST_NAME, SUMMARY, EMAIL, PASSWORD) values ('ABIGAIL','ORTEGA','VALDIVIA','QWERTY','ABIGAILORTEGA31@GMAIL.COM','ADFADF');

insert into STATUS(STATUS_ID, NAME , DESCRIPTION) VALUES (0 ,'PUBLISHED','PUBLISHED POST');
insert into STATUS(STATUS_ID, NAME , DESCRIPTION) VALUES (1 ,'APPROVED', 'APPROVED POST TO BE PUBLISHED ');
insert into STATUS(STATUS_ID, NAME , DESCRIPTION) VALUES (2 ,'REVISION','REVISION POST');
insert into STATUS(STATUS_ID, NAME , DESCRIPTION) VALUES (3 ,'EDITION','EDITION COURSE');

insert into TYPE_POST (TYPE_POST_ID, NAME, DESCRIPTION) VALUES (0,'NEW','TECNOLOGY NEW'); 
insert into TYPE_POST (TYPE_POST_ID, NAME, DESCRIPTION) VALUES (1,'POST','TECNOLOGY POST'); 
insert into TYPE_POST (TYPE_POST_ID, NAME, DESCRIPTION) VALUES (2,'EXPERIENCE', 'FOUNDER EXPERIENCE'); 
insert into TYPE_POST (TYPE_POST_ID, NAME, DESCRIPTION) VALUES (3,'FOUNDER','FOUNDER BIOGRAPHY'); 
insert into TYPE_POST (TYPE_POST_ID, NAME, DESCRIPTION) VALUES (4,'PHILOSOPHY','GUTS & CODE PHILOSOPHY'); 
insert into TYPE_POST (TYPE_POST_ID, NAME, DESCRIPTION) VALUES (5,'FUTURE','GUTS & CODE FUTURE'); 

insert into TYPE_TEXT (TYPE_TEXT_ID, NAME, DESCRIPTION) VALUES (0,'HEADER','HEADER'); 
insert into TYPE_TEXT (TYPE_TEXT_ID, NAME, DESCRIPTION) VALUES (1,'BODY','BODY');
insert into TYPE_TEXT (TYPE_TEXT_ID, NAME, DESCRIPTION) VALUES (2,'FOOTER', 'FOOTER'); 
insert into TYPE_TEXT (TYPE_TEXT_ID, NAME, DESCRIPTION) VALUES (3,'ANOTATION','ANOTATION'); 

insert into POST (NAME, NUMBER_VIEW, STATUS_ID, TOPIC, LAST_UPDATE, WRITTER_ID, REVIEWER_ID, DATE_REVIEWER, TYPE_POST_ID, TITLE, LOCATION,) VALUES ('POST10',0,0,'Java','2009-01-01',1,1,'2019-01-02', 1, 'POST 10', 'CDMX');
insert into POST (NAME, NUMBER_VIEW, STATUS_ID, TOPIC, LAST_UPDATE, WRITTER_ID, REVIEWER_ID, DATE_REVIEWER, TYPE_POST_ID, TITLE, LOCATION,) VALUES ('POST11',0,0,'Java','2019-02-01',1,1,'2019-02-02', 1, 'POST 11', 'CDMX');
insert into POST (NAME, NUMBER_VIEW, STATUS_ID, TOPIC, LAST_UPDATE, WRITTER_ID, REVIEWER_ID, DATE_REVIEWER, TYPE_POST_ID, TITLE, LOCATION,) VALUES ('POST12',0,3,'Java','2011-03-01',1,1,'2019-03-02', 1, 'POST 12', 'CDMX');
insert into POST (NAME, NUMBER_VIEW, STATUS_ID, TOPIC, LAST_UPDATE, WRITTER_ID, REVIEWER_ID, DATE_REVIEWER, TYPE_POST_ID, TITLE, LOCATION,) VALUES ('POST13',0,0,'Java','2012-04-01',1,1,'2019-04-02', 1, 'POST 13', 'CDMX');
insert into POST (NAME, NUMBER_VIEW, STATUS_ID, TOPIC, LAST_UPDATE, WRITTER_ID, REVIEWER_ID, DATE_REVIEWER, TYPE_POST_ID, TITLE, LOCATION,) VALUES ('POST14',0,0,'Java','2013-05-01',1,1,'2019-05-02', 1, 'POST 14', 'CDMX');

insert into POST (NAME, NUMBER_VIEW, STATUS_ID, TOPIC, LAST_UPDATE, WRITTER_ID, REVIEWER_ID, DATE_REVIEWER, TYPE_POST_ID, TITLE, LOCATION,) VALUES ('ACERCA DE NOSOTROS',0,0,'GutsNCode','2019-11-17',1,1,'2019-11-17', 1, 'ACERCA DE NOSOTROS', 'CDMX');
insert into POST (NAME, NUMBER_VIEW, STATUS_ID, TOPIC, LAST_UPDATE, WRITTER_ID, REVIEWER_ID, DATE_REVIEWER, TYPE_POST_ID, TITLE, LOCATION,) VALUES ('FUNDADORES',0,0,'GutsNCode','2019-11-17',1,1,'2019-11-17', 3, 'FUNDADORES', 'CDMX');
insert into POST (NAME, NUMBER_VIEW, STATUS_ID, TOPIC, LAST_UPDATE, WRITTER_ID, REVIEWER_ID, DATE_REVIEWER, TYPE_POST_ID, TITLE, LOCATION,) VALUES ('EXPERIENCIAS',0,0,'GutsNCode','2019-11-17',1,1,'2019-11-17', 2, 'EXPERIENCIAS', 'CDMX');


insert into TEXT (TEXT_ID,TYPE_TEXT_ID,POST_ID,TEXT_BETA,TEXT_REALIZE) VALUES (1,1,1,'Este es un texto muy muy largo', '');
insert into TEXT (TEXT_ID,TYPE_TEXT_ID,POST_ID,TEXT_BETA,TEXT_REALIZE) VALUES (2,0,1,'','Este es un texto muy muy largo');
insert into TEXT (TEXT_ID,TYPE_TEXT_ID,POST_ID,TEXT_BETA,TEXT_REALIZE) VALUES (3,2,1,'Este es un texto muy muy largo', 'Este es un texto muy muy largo');
insert into TEXT (TEXT_ID,TYPE_TEXT_ID,POST_ID,TEXT_BETA,TEXT_REALIZE) VALUES (4,1,2,'Este es un texto muy muy largo', '');
insert into TEXT (TEXT_ID,TYPE_TEXT_ID,POST_ID,TEXT_BETA,TEXT_REALIZE) VALUES (5,0,2,'','Este es un texto muy muy largo');
insert into TEXT (TEXT_ID,TYPE_TEXT_ID,POST_ID,TEXT_BETA,TEXT_REALIZE) VALUES (6,2,2,'Este es un texto muy muy largo', 'Este es un texto muy muy largo');

INSERT INTO IMAGE (IMAGE_ID,IMAGE_NAME,DESCRIPTION,IMAGE,TEXT_ID,FOOTER,CARDINALITY) VALUES('1', 'Java.png', 'Javas logo', FILE_READ('/opt/java.png'), 1, 'java', 'top');
INSERT INTO IMAGE (IMAGE_ID,IMAGE_NAME,DESCRIPTION,IMAGE,TEXT_ID,FOOTER,CARDINALITY) VALUES('2', 'Spring.png', 'Springs logo', FILE_READ('/opt/spring.png'), 2, 'spring', 'top');    
    